[
{
  "model": "jwt_auth.user",
  "pk": 1,
  "fields": {
    "password": "pbkdf2_sha256$260000$76tmeowi1EFvDO66JAZvbh$nt9TC1izP00jCOL5sRXS6LK5XRmrMbCIbgNcn1zOL+o=",
    "last_login": "2021-07-22T09:40:08Z",
    "is_superuser": true,
    "username": "Joan",
    "last_name": "Sunflower",
    "is_staff": true,
    "is_active": true,
    "date_joined": "2021-07-22T09:39:27Z",
    "email": "Joan@email.com",
    "first_name": "Joan",
    "profile_image": "https://imgur.com/9YOZtap",
    "groups": [],
    "user_permissions": []
  }
},
{
  "model": "jwt_auth.user",
  "pk": 2,
  "fields": {
    "password": "pass",
    "last_login": null,
    "is_superuser": false,
    "username": "Aamira",
    "last_name": "fig",
    "is_staff": false,
    "is_active": true,
    "date_joined": "2021-07-22T11:48:42Z",
    "email": "aamira@email.com",
    "first_name": "Aamira",
    "profile_image": "https://imgur.com/ZBlg2vD",
    "groups": [],
    "user_permissions": []
  }
},
{
  "model": "jwt_auth.user",
  "pk": 3,
  "fields": {
    "password": "pass",
    "last_login": null,
    "is_superuser": false,
    "username": "Lacey",
    "last_name": "bloom",
    "is_staff": false,
    "is_active": true,
    "date_joined": "2021-07-22T12:02:20Z",
    "email": "lacey@email.com",
    "first_name": "Lacey",
    "profile_image": "https://imgur.com/G660PkK",
    "groups": [],
    "user_permissions": []
  }
},
{
  "model": "jwt_auth.user",
  "pk": 4,
  "fields": {
    "password": "pass",
    "last_login": null,
    "is_superuser": false,
    "username": "Dakota",
    "last_name": "sam",
    "is_staff": false,
    "is_active": true,
    "date_joined": "2021-07-22T12:03:18Z",
    "email": "dakota@email.com",
    "first_name": "Dakota",
    "profile_image": "https://imgur.com/m400GdJ",
    "groups": [],
    "user_permissions": []
  }
},
{
  "model": "jwt_auth.user",
  "pk": 5,
  "fields": {
    "password": "pass",
    "last_login": null,
    "is_superuser": false,
    "username": "Dagmara",
    "last_name": "mara",
    "is_staff": false,
    "is_active": true,
    "date_joined": "2021-07-22T12:04:08Z",
    "email": "dagmara@email.com",
    "first_name": "Dagmara",
    "profile_image": "https://imgur.com/YwFuiTz",
    "groups": [],
    "user_permissions": []
  }
},
{
  "model": "jwt_auth.user",
  "pk": 6,
  "fields": {
    "password": "pass",
    "last_login": null,
    "is_superuser": false,
    "username": "Daisy",
    "last_name": "James",
    "is_staff": false,
    "is_active": true,
    "date_joined": "2021-07-22T12:04:48Z",
    "email": "daisy@email.com",
    "first_name": "Daisy",
    "profile_image": "https://imgur.com/zcfgjMm",
    "groups": [],
    "user_permissions": []
  }
},
{
  "model": "jwt_auth.user",
  "pk": 7,
  "fields": {
    "password": "pass",
    "last_login": null,
    "is_superuser": false,
    "username": "Lakia",
    "last_name": "kiam",
    "is_staff": false,
    "is_active": true,
    "date_joined": "2021-07-22T12:08:03Z",
    "email": "lakia@email.com",
    "first_name": "Lakia",
    "profile_image": "https://imgur.com/91rTGys",
    "groups": [],
    "user_permissions": []
  }
},
{
  "model": "jwt_auth.user",
  "pk": 8,
  "fields": {
    "password": "pass",
    "last_login": null,
    "is_superuser": false,
    "username": "Egypt",
    "last_name": "salima",
    "is_staff": false,
    "is_active": true,
    "date_joined": "2021-07-22T12:08:49Z",
    "email": "egypt@email.com",
    "first_name": "Egypt",
    "profile_image": "https://imgur.com/X2jkI4c",
    "groups": [],
    "user_permissions": []
  }
},
{
  "model": "jwt_auth.user",
  "pk": 9,
  "fields": {
    "password": "pass",
    "last_login": null,
    "is_superuser": false,
    "username": "Ode",
    "last_name": "yarn",
    "is_staff": false,
    "is_active": true,
    "date_joined": "2021-07-22T12:09:32Z",
    "email": "ode@email.com",
    "first_name": "Ode",
    "profile_image": "https://imgur.com/SWwLzRs",
    "groups": [],
    "user_permissions": []
  }
},
{
  "model": "jwt_auth.user",
  "pk": 10,
  "fields": {
    "password": "pass",
    "last_login": null,
    "is_superuser": false,
    "username": "Raam",
    "last_name": "maria",
    "is_staff": false,
    "is_active": true,
    "date_joined": "2021-07-22T12:10:14Z",
    "email": "raam@email.com",
    "first_name": "Raam",
    "profile_image": "https://imgur.com/inucibA",
    "groups": [],
    "user_permissions": []
  }
},
{
  "model": "jwt_auth.user",
  "pk": 11,
  "fields": {
    "password": "pass",
    "last_login": null,
    "is_superuser": false,
    "username": "Rhys",
    "last_name": "kabali",
    "is_staff": false,
    "is_active": true,
    "date_joined": "2021-07-22T12:10:53Z",
    "email": "rhys@email.com",
    "first_name": "Rhys",
    "profile_image": "https://imgur.com/uCBcVZH",
    "groups": [],
    "user_permissions": []
  }
},
{
  "model": "jwt_auth.user",
  "pk": 12,
  "fields": {
    "password": "pass",
    "last_login": null,
    "is_superuser": false,
    "username": "Rafik",
    "last_name": "smith",
    "is_staff": false,
    "is_active": true,
    "date_joined": "2021-07-22T12:11:42Z",
    "email": "rafik@email.com",
    "first_name": "Rafik",
    "profile_image": "https://imgur.com/iwrwt9H",
    "groups": [],
    "user_permissions": []
  }
},
{
  "model": "jwt_auth.user",
  "pk": 13,
  "fields": {
    "password": "pass",
    "last_login": null,
    "is_superuser": false,
    "username": "Fahima",
    "last_name": "mahif",
    "is_staff": false,
    "is_active": true,
    "date_joined": "2021-07-22T12:12:24Z",
    "email": "fahima@email.com",
    "first_name": "Fahima",
    "profile_image": "https://imgur.com/iQYC0PP",
    "groups": [],
    "user_permissions": []
  }
},
{
  "model": "jwt_auth.user",
  "pk": 14,
  "fields": {
    "password": "pass",
    "last_login": null,
    "is_superuser": false,
    "username": "Kalanzi",
    "last_name": "Joan",
    "is_staff": false,
    "is_active": true,
    "date_joined": "2021-07-22T12:13:07Z",
    "email": "kalanzi@email.com",
    "first_name": "Kalanzi",
    "profile_image": "https://imgur.com/bWPasRd",
    "groups": [],
    "user_permissions": []
  }
},
{
  "model": "jwt_auth.user",
  "pk": 15,
  "fields": {
    "password": "pass",
    "last_login": null,
    "is_superuser": false,
    "username": "Freddie",
    "last_name": "moon",
    "is_staff": false,
    "is_active": true,
    "date_joined": "2021-07-22T12:13:44Z",
    "email": "freddie@email.com",
    "first_name": "Freddie",
    "profile_image": "https://imgur.com/MFf9ydG",
    "groups": [],
    "user_permissions": []
  }
},
{
  "model": "jwt_auth.user",
  "pk": 16,
  "fields": {
    "password": "pass",
    "last_login": null,
    "is_superuser": false,
    "username": "Zaire",
    "last_name": "Fireman",
    "is_staff": false,
    "is_active": true,
    "date_joined": "2021-07-22T12:14:55Z",
    "email": "zaire@email.com",
    "first_name": "Zaire",
    "profile_image": "https://imgur.com/91alKZK",
    "groups": [],
    "user_permissions": []
  }
},
{
  "model": "jwt_auth.user",
  "pk": 17,
  "fields": {
    "password": "pass",
    "last_login": null,
    "is_superuser": false,
    "username": "Yuna",
    "last_name": "muna",
    "is_staff": false,
    "is_active": true,
    "date_joined": "2021-07-22T12:15:40Z",
    "email": "yuna@email.com",
    "first_name": "Yuna",
    "profile_image": "https://imgur.com/KDcHgyK",
    "groups": [],
    "user_permissions": []
  }
},
{
  "model": "jwt_auth.user",
  "pk": 18,
  "fields": {
    "password": "pass",
    "last_login": null,
    "is_superuser": false,
    "username": "Qiana",
    "last_name": "bidman",
    "is_staff": false,
    "is_active": true,
    "date_joined": "2021-07-22T12:16:20Z",
    "email": "qiana@email.com",
    "first_name": "Qiana",
    "profile_image": "https://imgur.com/6vPL5XH",
    "groups": [],
    "user_permissions": []
  }
},
{
  "model": "jwt_auth.user",
  "pk": 19,
  "fields": {
    "password": "pass",
    "last_login": null,
    "is_superuser": false,
    "username": "Habiki",
    "last_name": "kamu",
    "is_staff": false,
    "is_active": true,
    "date_joined": "2021-07-22T12:16:59Z",
    "email": "habiki@email.com",
    "first_name": "Habiki",
    "profile_image": "https://imgur.com/KrsIUdS",
    "groups": [],
    "user_permissions": []
  }
},
{
  "model": "jwt_auth.user",
  "pk": 20,
  "fields": {
    "password": "pass",
    "last_login": null,
    "is_superuser": false,
    "username": "Halle",
    "last_name": "loom",
    "is_staff": false,
    "is_active": true,
    "date_joined": "2021-07-22T12:17:36Z",
    "email": "halle@email.com",
    "first_name": "Halle",
    "profile_image": "https://imgur.com/j6qDpGw",
    "groups": [],
    "user_permissions": []
  }
},
{
  "model": "jwt_auth.user",
  "pk": 21,
  "fields": {
    "password": "pass",
    "last_login": null,
    "is_superuser": false,
    "username": "Vanja",
    "last_name": "kim",
    "is_staff": false,
    "is_active": true,
    "date_joined": "2021-07-22T12:18:14Z",
    "email": "vanja@email.com",
    "first_name": "Vanja",
    "profile_image": "https://imgur.com/BW5aZtR",
    "groups": [],
    "user_permissions": []
  }
},
{
  "model": "jwt_auth.user",
  "pk": 22,
  "fields": {
    "password": "pass",
    "last_login": null,
    "is_superuser": false,
    "username": "Valhi",
    "last_name": "Bartone",
    "is_staff": false,
    "is_active": true,
    "date_joined": "2021-07-22T12:19:00Z",
    "email": "valhi@email.com",
    "first_name": "Valhi",
    "profile_image": "https://imgur.com/lZjUgIM",
    "groups": [],
    "user_permissions": []
  }
},
{
  "model": "jwt_auth.user",
  "pk": 23,
  "fields": {
    "password": "pass",
    "last_login": null,
    "is_superuser": false,
    "username": "Nita",
    "last_name": "Nakamara",
    "is_staff": false,
    "is_active": true,
    "date_joined": "2021-07-22T12:19:48Z",
    "email": "nita@email.com",
    "first_name": "Nita",
    "profile_image": "https://imgur.com/qO75SMb",
    "groups": [],
    "user_permissions": []
  }
}
]
